{
  "width": 473.0000305175781,
  "height": 623.0000610351562
}